name,id,age,gender,place,country,email,phone
David Lindahl,25059446765,30,male,"Høle, Akershus",Norway,david.lindahl@example.com,59890970
David Lindahl,25059446765,30,male,"Høle, Akershus",Norway,david.lindahl@example.com,59890970
Elena Henríquez,58 16 61 6859 9,57,female,"Atenquique, Chiapas",Mexico,elena.henriquez@example.com,(621) 148 2018
David Lindahl,25059446765,30,male,"Høle, Akershus",Norway,david.lindahl@example.com,59890970
Elena Henríquez,58 16 61 6859 9,57,female,"Atenquique, Chiapas",Mexico,elena.henriquez@example.com,(621) 148 2018
Juan Barnes,AS 80 73 72 C,32,male,"Bristol, County Antrim",United Kingdom,juan.barnes@example.com,0111180 746 8606
David Lindahl,25059446765,30,male,"Høle, Akershus",Norway,david.lindahl@example.com,59890970
Elena Henríquez,58 16 61 6859 9,57,female,"Atenquique, Chiapas",Mexico,elena.henriquez@example.com,(621) 148 2018
Juan Barnes,AS 80 73 72 C,32,male,"Bristol, County Antrim",United Kingdom,juan.barnes@example.com,0111180 746 8606
David Lindahl,25059446765,30,male,"Høle, Akershus",Norway,david.lindahl@example.com,59890970
Elena Henríquez,58 16 61 6859 9,57,female,"Atenquique, Chiapas",Mexico,elena.henriquez@example.com,(621) 148 2018
Juan Barnes,AS 80 73 72 C,32,male,"Bristol, County Antrim",United Kingdom,juan.barnes@example.com,0111180 746 8606
Onni Ollila,NaNNA761undefined,71,male,"Laitila, Finland Proper",Finland,onni.ollila@example.com,07-303-384
David Lindahl,25059446765,30,male,"Høle, Akershus",Norway,david.lindahl@example.com,59890970
Elena Henríquez,58 16 61 6859 9,57,female,"Atenquique, Chiapas",Mexico,elena.henriquez@example.com,(621) 148 2018
Juan Barnes,AS 80 73 72 C,32,male,"Bristol, County Antrim",United Kingdom,juan.barnes@example.com,0111180 746 8606
Onni Ollila,NaNNA761undefined,71,male,"Laitila, Finland Proper",Finland,onni.ollila@example.com,07-303-384
